,country_name,Year,Life Ladder,Log GDP per capita,Social support,Healthy life expectancy at birth,Freedom to make life choices,Generosity,Perceptions of corruption,Positive affect,Negative affect,Confidence in national government
0,Albania,2017,4.639548302,9.454930305,0.637698293,69.05000305,0.74961102,-0.028629376,0.876134634,0.547240436,0.33388412,0.457737535
1,Albania,2018,5.004402637,9.496804237,0.683591664,69.07499695,0.824212313,0.009069982,0.899129391,0.592044652,0.318996727,0.435337961
2,Albania,2019,4.995317936,9.521978378,0.686364889,69.09999847,0.777351439,-0.099057563,0.914284289,0.548189282,0.273827374,0.336627871
3,Albania,2020,5.364909649,9.487400055,0.710115016,69.125,0.75367105,0.006331214,0.891358972,0.563486159,0.265066117,0.373402834
4,Albania,2021,5.25548172,9.562287331,0.70188278,69.15000153,0.827452719,0.044741828,0.896126628,0.553830087,0.25365448,0.472924024
5,Argentina,2017,6.039330006,10.06888008,0.906699121,67.0,0.831966162,-0.187793866,0.841052473,0.715182364,0.291717261,0.305430293
6,Argentina,2018,5.792796612,10.03219891,0.899911582,67.05000305,0.845894694,-0.212362573,0.855255246,0.73206991,0.320502073,0.261352271
7,Argentina,2019,6.085560799,10.00179768,0.89637053,67.09999847,0.817052603,-0.212645262,0.830459774,0.734905839,0.319054842,0.273853004
8,Argentina,2020,5.900567055,9.887899399,0.897103846,67.15000153,0.823391616,-0.126742944,0.815780461,0.679316759,0.342496932,0.430758089
9,Argentina,2021,5.908278942,9.955421448,0.882304549,67.19999695,0.819479346,-0.008816142,0.816256702,0.684860051,0.345131576,0.326574117
10,Australia,2017,7.25703764,10.78722477,0.949957848,70.75,0.910550177,0.315513879,0.411346525,0.728149831,0.225360975,0.45340696
11,Australia,2018,7.17699337,10.80016899,0.940137267,70.82499695,0.916028142,0.144675538,0.404647499,0.705982745,0.187456369,0.468836874
12,Australia,2019,7.233994961,10.80586433,0.942774355,70.90000153,0.917536914,0.118749149,0.430208653,0.726976216,0.202190071,0.468700022
13,Australia,2020,7.137367725,10.79323864,0.936517,70.97499847,0.905282974,0.205083221,0.491094828,0.725688934,0.205077678,0.446422249
14,Australia,2021,7.111598969,10.81834221,0.91975528,71.05000305,0.912402213,0.237517536,0.453676045,0.739800155,0.235314175,0.519226372
15,Austria,2017,7.293727875,10.89993763,0.906217813,70.65000153,0.890030563,0.131007552,0.518303812,0.698889375,0.18026872,0.43590793
16,Austria,2018,7.396001816,10.91977501,0.911668122,70.77500153,0.904111981,0.051337708,0.52306056,0.694627702,0.226058796,0.488678724
17,Austria,2019,7.195361137,10.93013,0.964488804,70.90000153,0.90342766,0.05765314,0.457088888,0.727341115,0.205169737,0.512338281
18,Austria,2020,7.213489056,10.85622025,0.924831212,71.02500153,0.911909878,0.008043503,0.463830173,0.716352284,0.206499651,0.626177847
19,Austria,2021,7.079640865,10.89209175,0.862975955,71.15000153,0.794845939,0.161673456,0.500808597,0.721865237,0.259080172,0.61045897
20,Benin,2017,4.853180885,8.021097183,0.435878992,54.90000153,0.72680825,-0.064950399,0.767234623,0.59782958,0.457920343,0.615089297
21,Benin,2018,5.81982708,8.058574677,0.503544033,55.20000076,0.713264048,0.002149294,0.746510744,0.625308931,0.467871815,0.639219761
22,Benin,2019,4.976360798,8.09782505,0.442153931,55.5,0.770359993,-0.016165027,0.698346972,0.638348281,0.44139877,0.690226018
23,Benin,2020,4.407745838,8.10866642,0.506636083,55.79999924,0.783114672,-0.083990186,0.531883657,0.556501985,0.304512441,0.806810319
24,Benin,2021,4.493431091,8.140853882,0.435524195,56.09999847,0.724061847,-0.013507844,0.6125471,0.596800864,0.434594899,0.762415886
25,Bolivia,2017,5.65055275,9.038804054,0.778661788,63.0,0.883904934,-0.121300541,0.819261968,0.655216575,0.43394354,0.427632958
26,Bolivia,2018,5.915734291,9.065954208,0.827159464,63.15000153,0.863246858,-0.093821533,0.786044598,0.705477774,0.387468874,0.399588227
27,Bolivia,2019,5.67427063,9.073887825,0.7843014,63.29999924,0.88131094,-0.086626269,0.857220411,0.700826466,0.419328213,0.300631315
28,Bolivia,2020,5.559258938,8.967653275,0.804810882,63.45000076,0.877031922,-0.052450921,0.868208289,0.728823423,0.381791174,0.168832317
29,Bolivia,2021,5.56862402,9.007940292,0.797810495,63.59999847,0.861731231,-0.054499056,0.812174439,0.721001804,0.403487325,0.385875583
30,Bosnia and Herzegovina,2017,5.089902401,9.529072762,0.775295258,67.09999847,0.563798666,0.090583712,0.923343062,0.52663964,0.270745516,0.126379713
31,Bosnia and Herzegovina,2018,5.887401104,9.574061394,0.835889578,67.15000153,0.658846438,0.122005023,0.912857771,0.567694068,0.277365059,0.254097164
32,Bosnia and Herzegovina,2019,6.01552248,9.608901024,0.873141944,67.19999695,0.72156322,0.077898346,0.96290803,0.544666409,0.238068551,0.167970508
33,Bosnia and Herzegovina,2020,5.515816212,9.582542419,0.898518682,67.25,0.740250826,0.136582226,0.916052163,0.601870954,0.325412303,0.244549632
34,Bosnia and Herzegovina,2021,5.748823166,9.627624512,0.859953582,67.30000305,0.758979201,0.281281054,0.920913935,0.604092598,0.305352151,0.225852832
35,Brazil,2017,6.332929134,9.583600044,0.904694259,65.05000305,0.764792562,-0.176581889,0.794457376,0.669117153,0.307716906,0.16549027
36,Brazil,2018,6.190921783,9.59344101,0.881505251,65.22499847,0.75060904,-0.118792601,0.763251305,0.676684558,0.349656254,0.16818665
37,Brazil,2019,6.451148987,9.599938393,0.899175048,65.40000153,0.830206037,-0.063963488,0.761840582,0.701250315,0.337051332,0.340850085
38,Brazil,2020,6.109717846,9.551372528,0.830832124,65.57499695,0.786235094,-0.056306385,0.728772223,0.65329963,0.38913855,0.362292409
39,Brazil,2021,6.009953499,9.593187332,0.814328671,65.75,0.791507721,0.090771444,0.738571405,0.661550403,0.407182962,0.327099293
40,Bulgaria,2017,5.096901894,9.974409103,0.94175458,66.09999847,0.689047039,-0.156293616,0.910799742,0.541951478,0.188637346,0.326087952
41,Bulgaria,2018,5.098813534,10.00812149,0.923853278,66.19999695,0.724335909,-0.178084925,0.952014446,0.553910315,0.189090982,0.218995899
42,Bulgaria,2019,5.108438015,10.05474281,0.948204398,66.30000305,0.821929872,-0.110997088,0.942806482,0.576582789,0.199888319,0.268381834
43,Bulgaria,2020,5.597723007,10.01588249,0.916242361,66.40000153,0.818224788,-0.007958431,0.900632977,0.642387509,0.221351057,0.273983628
44,Bulgaria,2021,5.421693325,10.05412579,0.883621037,66.5,0.841188073,-0.010516754,0.891248465,0.646759868,0.252776712,0.224526197
45,Burkina Faso,2017,4.646891117,7.622853279,0.784761369,54.15000153,0.613774717,-0.062504865,0.727451324,0.579846919,0.353821069,0.540656149
46,Burkina Faso,2018,4.92723608,7.658139706,0.664859474,54.52500153,0.720743477,-0.012337049,0.757398605,0.656122029,0.342865527,0.622255087
47,Burkina Faso,2019,4.740892887,7.685016155,0.683102369,54.90000153,0.677546859,-0.003277031,0.729396582,0.65623343,0.364775389,0.703626156
48,Burkina Faso,2020,4.639639854,7.675902843,0.667708993,55.27500153,0.750226498,0.122931212,0.808745325,0.604512036,0.388477534,0.703824639
49,Burkina Faso,2021,4.635508537,7.713550568,0.6575436,55.65000153,0.64410162,0.067472264,0.736158907,0.619715929,0.363105804,0.620851576
50,Cameroon,2017,5.07405138,8.206615448,0.69459641,53.15000153,0.766945004,-0.030739371,0.84358561,0.632240534,0.377498746,0.578775525
51,Cameroon,2018,5.250737667,8.219285965,0.676825225,53.82500076,0.816304982,0.033338852,0.884441614,0.629664183,0.355642408,0.6452263
52,Cameroon,2019,4.936737537,8.227604866,0.710964739,54.5,0.711500287,-0.009756331,0.817170262,0.606392264,0.326395005,0.546259165
53,Cameroon,2020,5.2410779,8.206968307,0.720046639,55.17499924,0.674509168,0.046819616,0.836517215,0.626284778,0.386478961,0.498690844
54,Cameroon,2021,4.962747574,8.215063095,0.694936395,55.84999847,0.715301752,-0.023982672,0.848717153,0.612028599,0.346513718,0.563208461
55,Canada,2017,7.414868355,10.78554058,0.93374896,71.19999695,0.945145011,0.1608188,0.362034321,0.799357772,0.21798116,0.652735949
56,Canada,2018,7.175496578,10.79542065,0.922718763,71.25,0.9457829,0.10371729,0.371740848,0.772559404,0.259397656,0.610466897
57,Canada,2019,7.1090765,10.79971313,0.925303996,71.30000305,0.911525607,0.109055623,0.436434418,0.780721545,0.284833759,0.549280941
58,Canada,2020,7.024904728,10.73422432,0.930610716,71.34999847,0.8868922,0.046791039,0.434012353,0.738485336,0.306673735,0.600424111
59,Canada,2021,6.939435482,10.77074814,0.926076412,71.40000153,0.898229182,0.193240881,0.383990496,0.762826681,0.276232809,0.610411167
60,Chile,2017,6.320119381,10.10523224,0.879840791,69.69999695,0.790116489,-0.024355914,0.835987508,0.764839888,0.291042089,0.268283308
61,Chile,2018,6.436220646,10.12778664,0.890084922,69.84999847,0.78853035,-0.06389524,0.816297412,0.75546813,0.275820225,0.334744155
62,Chile,2019,5.942250252,10.12533379,0.869121909,70.0,0.659176767,-0.106856108,0.860491574,0.740561962,0.337243795,0.152523443
63,Chile,2020,6.150642872,10.05726051,0.888412297,70.15000153,0.781383574,0.028466886,0.811818838,0.752884626,0.336028606,0.171463788
64,Chile,2021,6.435630798,10.16244316,0.891460538,70.30000305,0.80341506,-0.049180858,0.858552754,0.735079885,0.220878571,0.232144803
65,Colombia,2017,6.157341957,9.55897522,0.909249961,68.65000153,0.837554634,-0.157816932,0.87501812,0.790257096,0.299308956,0.221882597
66,Colombia,2018,5.983512402,9.569052696,0.870970428,68.82499695,0.850765765,-0.149190634,0.854820907,0.774537921,0.300624102,0.274869502
67,Colombia,2019,6.350297928,9.587769508,0.872578919,69.0,0.821500719,-0.172856137,0.853646159,0.790579498,0.321806282,0.327981085
68,Colombia,2020,5.70917511,9.506654739,0.797035217,69.17500305,0.840186119,-0.086797014,0.807964027,0.758542895,0.340158582,0.373634368
69,Colombia,2021,5.289958477,9.587848663,0.792830646,69.34999847,0.774668455,-0.06074876,0.831330955,0.75165838,0.348332316,0.289148897
70,Congo (Brazzaville),2017,4.883991241,8.351058006,0.655440509,55.54999924,0.777783453,-0.145448193,0.76278311,0.573506653,0.381640553,0.469826549
71,Congo (Brazzaville),2018,5.490214348,8.275994301,0.620622933,55.875,0.69870007,-0.102466546,0.738020182,0.571407259,0.447646171,0.473673612
72,Congo (Brazzaville),2019,5.212622643,8.249497414,0.624768078,56.20000076,0.686451972,-0.056822121,0.74058944,0.594482303,0.40504083,0.541197777
73,Congo (Brazzaville),2020,5.079139233,8.141469002,0.596515119,56.52500153,0.760727525,-0.020143436,0.727796018,0.572090924,0.434675574,0.580636084
74,Congo (Brazzaville),2021,4.920531273,8.103173256,0.567651093,56.84999847,0.737661481,-0.018990656,0.732729912,0.567556679,0.420455933,0.522122145
75,Costa Rica,2017,7.22518158,9.920690536,0.92169714,70.0,0.93561846,-0.08243835,0.742350757,0.790628314,0.275440067,0.407448441
76,Costa Rica,2018,7.141074657,9.936565399,0.875872433,70.0,0.941888332,-0.113171995,0.781301796,0.801593184,0.32586664,0.479977787
77,Costa Rica,2019,6.997618675,9.949298859,0.906077445,70.0,0.926830113,-0.152325004,0.835628331,0.791270852,0.303327233,0.283023864
78,Costa Rica,2020,6.338472366,9.898633003,0.834199548,70.0,0.889399767,-0.134908438,0.772164285,0.758924901,0.349548459,0.298230559
79,Costa Rica,2021,6.408448219,9.938294411,0.87605232,70.0,0.886652231,-0.023066543,0.781826913,0.774057925,0.317840338,0.315308332
80,Croatia,2017,5.343165874,10.20928288,0.770309687,68.25,0.715822279,-0.107843883,0.89155972,0.61825645,0.316488236,0.211000666
81,Croatia,2018,5.536271095,10.24680519,0.909806848,68.42500305,0.690855622,-0.154427677,0.925408304,0.512389958,0.290375978,0.248180911
82,Croatia,2019,5.625743866,10.28657341,0.935988724,68.59999847,0.739300609,-0.141524747,0.931614637,0.503806353,0.269154519,0.286501437
83,Croatia,2020,6.507992268,10.20655823,0.922913492,68.77500153,0.836657643,-0.067890555,0.960939288,0.681406796,0.285609752,0.208485767
84,Croatia,2021,6.286790371,10.30044937,0.917741537,68.94999695,0.841837883,0.009498014,0.933650374,0.640148699,0.274197161,0.251287937
85,Denmark,2017,7.593702316,10.92155266,0.952100098,70.75,0.955416322,0.152372763,0.18114756,0.778525174,0.205775306,0.572353303
86,Denmark,2018,7.648785591,10.93629456,0.958218873,70.875,0.935437799,0.015203916,0.150607437,0.773032844,0.20605281,0.632478476
87,Denmark,2019,7.693003178,10.95363903,0.957706392,71.0,0.963318408,0.017636368,0.174150586,0.796859503,0.181070626,0.632999003
88,Denmark,2020,7.514631271,10.92988586,0.947371364,71.125,0.937931836,0.048180155,0.213841751,0.752573669,0.227101892,0.715797603
89,Denmark,2021,7.698747158,10.97297955,0.944926739,71.25,0.933439255,0.132816002,0.172680944,0.7918908,0.20642221,0.651709735
90,Dominican Republic,2017,5.605202675,9.725279808,0.894368112,63.59999847,0.855359018,-0.123023123,0.760489643,0.710005045,0.274745524,0.459901333
91,Dominican Republic,2018,5.433215618,9.781986237,0.861986339,63.79999924,0.866641581,-0.151908666,0.76227355,0.719369948,0.291403025,0.42177102
92,Dominican Republic,2019,6.004237175,9.820806503,0.884089887,64.0,0.87740624,-0.124324948,0.745615363,0.747007906,0.26405412,0.408698589
93,Dominican Republic,2020,5.168409824,9.741146088,0.806117654,64.19999695,0.834642947,-0.125036806,0.636116564,0.723668039,0.313928306,0.633733928
94,Dominican Republic,2021,6.030537128,9.834504128,0.857106984,64.40000153,0.859358311,-0.084483601,0.677408218,0.73365891,0.275468111,0.574958026
95,Ecuador,2017,5.839518547,9.360302925,0.848941743,68.0,0.879128158,-0.168256253,0.733588755,0.793201208,0.314343482,0.640512884
96,Ecuador,2018,6.128010273,9.355457306,0.851345003,68.25,0.869363725,-0.100386731,0.830743194,0.817419887,0.328171045,0.402085185
97,Ecuador,2019,5.809131145,9.338787079,0.808485806,68.5,0.829573691,-0.116003864,0.839495003,0.750073195,0.373558193,0.208093628
98,Ecuador,2020,5.35446167,9.242730141,0.804008543,68.75,0.828511536,-0.158119455,0.854780495,0.754971027,0.416027963,0.225619465
99,Ecuador,2021,5.43487215,9.26595211,0.785531878,69.0,0.821025372,-0.080462657,0.774508297,0.741730273,0.40317139,0.412493259
100,El Salvador,2017,6.339318275,9.042401314,0.82895261,64.19999695,0.757827342,-0.172806382,0.777748585,0.800489426,0.268448353,0.270235062
101,El Salvador,2018,6.241199493,9.061340332,0.820299745,64.55000305,0.863334596,-0.09621273,0.800699532,0.817010224,0.26958558,0.368898541
102,El Salvador,2019,6.454820633,9.079789162,0.764390528,64.90000153,0.877390683,-0.109806202,0.68157649,0.826422155,0.271475047,0.717041671
103,El Salvador,2020,5.461926937,8.985022545,0.695624352,65.25,0.923944831,-0.12492907,0.583036363,0.810526609,0.329439789,0.803478181
104,El Salvador,2021,6.431447029,9.05728817,0.796106219,65.59999847,0.914903879,-0.075257853,0.663288593,0.825840414,0.289976716,0.702381134
105,Estonia,2017,5.938395977,10.42886448,0.93568635,68.75,0.861749232,-0.10285075,0.668402255,0.740096331,0.160164103,0.405946255
106,Estonia,2018,6.091302395,10.46589088,0.932693779,68.97499847,0.885618389,-0.143167883,0.620677948,0.730264843,0.16318211,0.420202583
107,Estonia,2019,6.034641266,10.5023222,0.934064329,69.19999695,0.886504352,-0.097410277,0.575754166,0.73842895,0.156279013,0.403306544
108,Estonia,2020,6.452563763,10.46923733,0.957770467,69.42500305,0.954200566,-0.085300229,0.397834778,0.761690438,0.187679499,0.46480599
109,Estonia,2021,6.553915501,10.55838966,0.945865035,69.65000153,0.925818324,0.049557805,0.441425771,0.760608435,0.176258042,0.519263983
110,Finland,2017,7.788251877,10.7699604,0.963826418,70.84999847,0.962198973,-0.004811105,0.192412779,0.755857646,0.176065788,0.59753859
111,Finland,2018,7.85810709,10.77998829,0.962155044,70.92500305,0.937807381,-0.129722193,0.198604837,0.748826444,0.181780651,0.555102229
112,Finland,2019,7.780347824,10.79223537,0.93741554,71.0,0.947616696,-0.054119188,0.195338428,0.732282341,0.180732876,0.63918817
113,Finland,2020,7.889349937,10.7614584,0.961620748,71.07499695,0.962423682,-0.118853144,0.163635895,0.74793905,0.192897573,0.808632851
114,Finland,2021,7.794377804,10.7945528,0.97028929,71.15000153,0.96318984,-0.035728443,0.191753656,0.75161171,0.175448626,0.713731229
115,France,2017,6.635222435,10.70497513,0.931494594,71.90000153,0.83389014,-0.125517383,0.601486027,0.715806305,0.241983935,0.37479353
116,France,2018,6.665903568,10.72070885,0.921463072,72.0,0.816377223,-0.139936969,0.581775308,0.705308378,0.282451361,0.380547434
117,France,2019,6.689644337,10.73678303,0.958348095,72.09999847,0.827240825,-0.135421589,0.568272293,0.692844808,0.250415534,0.381849229
118,France,2020,6.714111805,10.65285397,0.947354019,72.19999695,0.823386312,-0.172077149,0.564640582,0.68962425,0.23095043,0.410406649
119,France,2021,6.656206608,10.71656609,0.914597511,72.30000305,0.836917698,-0.100719824,0.56081295,0.684601307,0.268417448,0.433520496
120,Gabon,2017,4.782382965,9.616261482,0.806941152,56.95000076,0.652359545,-0.229502648,0.868305504,0.637974918,0.446124285,0.286989242
121,Gabon,2018,4.783009052,9.598570824,0.78482759,57.27500153,0.719135404,-0.198381901,0.82286346,0.613811791,0.417660981,0.311373711
122,Gabon,2019,4.914393425,9.612189293,0.763051689,57.59999847,0.736349881,-0.204340994,0.84625423,0.638376653,0.412960976,0.354912966
123,Gabon,2020,4.88654995,9.569471359,0.701217532,57.92499924,0.52837491,-0.192087099,0.788709342,0.567638814,0.41603604,0.337647468
124,Gabon,2021,5.075422287,9.559962273,0.75387162,58.25,0.699056685,-0.204959437,0.765906811,0.620008111,0.36192885,0.448331118
125,Georgia,2017,4.45077467,9.517067909,0.590495169,64.44999695,0.820908785,-0.245254889,0.589631975,0.495819479,0.209639609,0.296396226
126,Georgia,2018,4.659097195,9.564751625,0.617218554,64.57499695,0.7751441,-0.234125003,0.754853785,0.479062021,0.243778914,0.300006181
127,Georgia,2019,4.89183569,9.615089417,0.674976051,64.69999695,0.81053412,-0.261063099,0.647223175,0.502834857,0.243710026,0.405210346
128,Georgia,2020,5.123143196,9.546748161,0.71834594,64.82499695,0.764352381,-0.22091116,0.582734704,0.572584391,0.294512063,0.518526018
129,Georgia,2021,4.911273479,9.648091316,0.670689464,64.94999695,0.777061343,-0.285530955,0.723406911,0.509632826,0.240043506,0.443020523
130,Germany,2017,7.074324608,10.87939453,0.892166078,70.5,0.840727866,0.142413303,0.414021194,0.707113683,0.196434811,0.622935653
131,Germany,2018,7.118364334,10.88719082,0.919763148,70.69999695,0.8768875,0.031526014,0.495673954,0.740174949,0.243214577,0.592990577
132,Germany,2019,7.035472393,10.89543533,0.885667324,70.90000153,0.884751558,0.054287467,0.46225515,0.712461114,0.22617121,0.568460405
133,Germany,2020,7.311897755,10.84688759,0.905080497,71.09999847,0.864356041,-0.063618965,0.424088776,0.698266089,0.205927119,0.654063106
134,Germany,2021,6.754523754,10.87341213,0.86758256,71.30000305,0.778439999,0.07768628,0.417581916,0.70333302,0.251194686,0.604759932
135,Ghana,2017,5.481310844,8.540109634,0.669111073,57.25,0.783046365,0.076572515,0.838609993,0.714789271,0.247518942,0.670288563
136,Ghana,2018,5.003693104,8.578335762,0.760716796,57.625,0.816680491,0.060036652,0.846328497,0.715819657,0.250001252,0.623060167
137,Ghana,2019,4.96680975,8.619757652,0.746247828,58.0,0.787447751,0.113771118,0.85666585,0.644655406,0.269940108,0.578076839
138,Ghana,2020,5.31948328,8.602586746,0.642703354,58.375,0.823720038,0.198195651,0.847024918,0.674681187,0.252728432,0.61885488
139,Ghana,2021,4.377950668,8.621863365,0.63272965,58.75,0.730264723,0.108457863,0.887770474,0.58759433,0.295109749,0.521073401
140,Greece,2017,5.14824152,10.26133156,0.752899528,70.65000153,0.438300014,-0.290921479,0.87223947,0.51590848,0.332830757,0.139880896
141,Greece,2018,5.40928936,10.27990723,0.793500781,70.77500153,0.564455688,-0.335739225,0.860302389,0.563627839,0.255006582,0.157048658
142,Greece,2019,5.952157497,10.29883575,0.890809536,70.90000153,0.613584101,-0.289313048,0.848003805,0.559758365,0.235946462,0.396424621
143,Greece,2020,5.787615776,10.20487785,0.778536558,71.02500153,0.56461364,-0.242127046,0.764324546,0.629382133,0.321684211,0.397469759
144,Greece,2021,6.104214191,10.26983833,0.85032618,71.15000153,0.574029803,-0.155177593,0.751816869,0.623556495,0.310851872,0.401736408
145,Hungary,2017,6.065038681,10.29218388,0.876747549,66.90000153,0.661165953,-0.141345143,0.886361301,0.643605471,0.180921271,0.377770513
146,Hungary,2018,5.935770988,10.34565926,0.940591395,67.05000305,0.692627072,-0.244881332,0.911277413,0.59467715,0.201082885,0.388044029
147,Hungary,2019,6.000259876,10.39064598,0.94651556,67.19999695,0.798041046,-0.196938932,0.883571446,0.652892768,0.180348128,0.483934194
148,Hungary,2020,6.038049698,10.34495068,0.943400383,67.34999847,0.77096808,-0.123248726,0.836105108,0.661645353,0.24005194,0.428733259
149,Hungary,2021,6.226647854,10.413867,0.947892129,67.5,0.727489948,-0.041736327,0.831555367,0.668148637,0.191949174,0.416566133
150,India,2017,4.046111107,8.729546547,0.606767476,59.70000076,0.88585043,-0.04242168,0.780802786,0.578831077,0.317936778,0.8392784
151,India,2018,3.818068743,8.782452583,0.638051987,60.0,0.890443385,0.08380115,0.80526334,0.590560198,0.357458085,0.753280878
152,India,2019,3.24876976,8.811940193,0.560780764,60.29999924,0.875540316,0.111500815,0.751979411,0.560403168,0.466335624,0.78970331
153,India,2020,4.223865509,8.726764679,0.616411507,60.59999847,0.906415939,0.072429791,0.780127108,0.686477244,0.383293122,0.798643291
154,India,2021,3.558253765,8.807804108,0.569732904,60.90000153,0.866110921,0.056761485,0.756820023,0.547308445,0.429137886,0.785475373
155,Indonesia,2017,5.098401546,9.299781799,0.795589209,62.54999924,0.865026295,0.486710787,0.900416434,0.781277835,0.319171578,0.825765371
156,Indonesia,2018,5.340295792,9.338885307,0.809378862,62.67499924,0.879374385,0.510791004,0.867729425,0.7960307,0.295986801,0.837602735
157,Indonesia,2019,5.346512794,9.376869202,0.80191803,62.79999924,0.865859151,0.55411315,0.860784769,0.800203919,0.301702797,0.782263815
158,Indonesia,2020,4.828147411,9.345304489,0.750896156,62.92499924,0.85332638,0.53391695,0.913812995,0.742214978,0.351377964,0.773202956
159,Indonesia,2021,5.43317318,9.367486954,0.816924691,63.04999924,0.884855866,0.545828223,0.845080256,0.798546731,0.27275306,0.840339124
160,Ireland,2017,7.060155392,11.26124382,0.943481982,70.90000153,0.905341148,0.213817194,0.33708474,0.771208107,0.212784126,0.603799641
161,Ireland,2018,6.962335587,11.33530903,0.937862396,71.0,0.861471593,0.140902087,0.362210244,0.753603339,0.213050067,0.618405282
162,Ireland,2019,7.254841328,11.36963272,0.943726361,71.09999847,0.892458677,0.070615135,0.372803569,0.758422494,0.223299861,0.581215978
163,Ireland,2020,7.034930706,11.41448212,0.960311055,71.19999695,0.882098258,0.004125291,0.355632722,0.752608776,0.246447265,0.588148296
164,Ireland,2021,6.827651978,11.54503345,0.849838138,71.30000305,0.846344113,0.133829191,0.360423386,0.732733727,0.245210573,0.623389423
165,Israel,2017,7.331036091,10.57442188,0.916440845,72.09999847,0.768076301,0.142688021,0.792652249,0.620967388,0.276443154,0.389368147
166,Israel,2018,6.92717886,10.5942173,0.90959543,72.25,0.724662304,0.052248515,0.770134807,0.611806214,0.28206256,0.422329724
167,Israel,2019,7.331779957,10.61216927,0.946010649,72.40000153,0.834491909,0.08222159,0.742867768,0.597811222,0.265891671,0.495666921
168,Israel,2020,7.194928169,10.57256699,0.959072173,72.55000305,0.831315815,-0.054193012,0.74763906,0.564403653,0.242825732,0.388938516
169,Israel,2021,7.577528,10.61664009,0.91658324,72.69999695,0.819777012,-0.001983023,0.726003766,0.558294713,0.21654281,0.439594686
170,Italy,2017,6.198870182,10.63540173,0.919791222,71.75,0.632843256,-0.03712187,0.866667926,0.612839162,0.322846144,0.230196297
171,Italy,2018,6.516526699,10.64651775,0.912656128,71.82499695,0.650009274,-0.023380011,0.887824833,0.597976208,0.402975351,0.206626192
172,Italy,2019,6.445416927,10.66214275,0.83840245,71.90000153,0.709478855,-0.084498353,0.865528047,0.568893611,0.327960074,0.221925855
173,Italy,2020,6.488356113,10.57144165,0.889824033,71.97499847,0.718155444,-0.152927265,0.844094574,0.613840938,0.311002165,0.374515772
174,Italy,2021,6.4667449,10.63541317,0.885533631,72.05000305,0.702845216,-0.091751009,0.862317502,0.634286821,0.318436861,0.354293913
175,Ivory Coast,2017,5.037734985,8.482757568,0.661375344,53.65000153,0.732097924,-0.110935926,0.770940244,0.662436187,0.35745579,0.516654313
176,Ivory Coast,2018,5.26837492,8.523866653,0.620882571,54.22499847,0.712590039,-0.050507963,0.790966868,0.658914387,0.385631382,0.535438716
177,Ivory Coast,2019,5.392012119,8.558825493,0.67938602,54.79999924,0.735711992,-0.01737914,0.799271226,0.663475573,0.425407171,0.609362841
178,Ivory Coast,2020,5.256503582,8.55281353,0.61310631,55.375,0.769998014,0.015964827,0.776687264,0.655147433,0.33991909,0.549262762
179,Ivory Coast,2021,5.055806637,8.588439941,0.554224849,55.95000076,0.717105269,-0.000176828,0.715896964,0.625795424,0.344690382,0.668288469
180,Japan,2017,5.910676479,10.63357162,0.881961286,73.84999847,0.849396586,-0.209493071,0.659198642,0.691762567,0.17551218,0.412489951
181,Japan,2018,5.793575287,10.6411705,0.886431932,73.97499847,0.77347213,-0.264975011,0.686784506,0.649402797,0.185300156,0.384880394
182,Japan,2019,5.908039093,10.64595985,0.877650917,74.09999847,0.806471527,-0.258060485,0.617187858,0.693276763,0.194410384,0.411213636
183,Japan,2020,6.117963314,10.60242367,0.887249112,74.22499847,0.806036115,-0.262763977,0.608698547,0.680538237,0.186461002,0.423379987
184,Japan,2021,6.091324806,10.6239481,0.895737708,74.34999847,0.801350355,-0.209871203,0.669546723,0.674374282,0.189246044,0.29078567
185,Kazakhstan,2017,5.882351398,10.12113476,0.914093196,64.19999695,0.745243967,-0.036762878,0.755250692,0.697624922,0.171486408,0.755705774
186,Kazakhstan,2018,6.00763607,10.14817142,0.936656713,64.59999847,0.84018296,-0.099979609,0.82378298,0.610876977,0.161542282,0.615031958
187,Kazakhstan,2019,6.272268295,10.17929173,0.951050103,65.0,0.852387428,-0.057007015,0.708279192,0.711475492,0.139132932,0.671793461
188,Kazakhstan,2020,6.168269157,10.1410532,0.966448963,65.40000153,0.872100115,-0.058536395,0.660798848,0.619988978,0.150359914,0.719707191
189,Kazakhstan,2021,6.259634018,10.16281033,0.906053364,65.80000305,0.807489097,0.038746249,0.782494009,0.662836969,0.122301146,0.535169721
190,Kenya,2017,4.475654125,8.34369278,0.714604318,56.90000153,0.853394389,0.231431633,0.85400039,0.753860414,0.230210304,0.637862563
191,Kenya,2018,4.655702591,8.37539959,0.706719875,57.29999924,0.821412981,0.288690776,0.844244063,0.746773899,0.236920774,0.675367296
192,Kenya,2019,4.618850231,8.40128231,0.675931633,57.70000076,0.817757487,0.307746619,0.794370294,0.727640748,0.250687122,0.683856368
193,Kenya,2020,4.546584129,8.375597,0.673717618,58.09999847,0.702034473,0.258936435,0.836516023,0.738233685,0.296980411,0.485698014
194,Kenya,2021,4.464540958,8.402458191,0.702200711,58.5,0.678108215,0.322458744,0.841331422,0.74483794,0.252963096,0.51475817
195,Kyrgyzstan,2017,5.629536629,8.526488304,0.882586658,64.75,0.859389782,0.142585784,0.874494493,0.640433192,0.160438314,0.561672747
196,Kyrgyzstan,2018,5.297383308,8.543475151,0.898147821,65.27500153,0.94494766,0.266449153,0.907405317,0.616886437,0.203300148,0.497065544
197,Kyrgyzstan,2019,5.685220718,8.567575455,0.877027869,65.80000305,0.920436263,-0.002909169,0.884539902,0.624949574,0.207229063,0.507123172
198,Kyrgyzstan,2020,6.249586105,8.45671463,0.902222991,66.32499695,0.934885323,0.105825633,0.931317508,0.672106743,0.257813066,0.493402541
199,Kyrgyzstan,2021,5.563699722,8.458740234,0.904273272,66.84999847,0.91787082,0.206922323,0.90251559,0.659907758,0.226462573,0.582115293
200,Latvia,2017,5.977817535,10.263731,0.895098746,66.0,0.699520111,-0.156989619,0.79837811,0.564854801,0.231753111,0.264000505
201,Latvia,2018,5.901154041,10.31064224,0.913276315,66.09999847,0.608207643,-0.214700237,0.798949242,0.52055192,0.191870555,0.1971623
202,Latvia,2019,5.969753742,10.34213352,0.935501277,66.19999695,0.697935104,-0.196540892,0.789227486,0.537305117,0.211630687,0.239407673
203,Latvia,2020,6.229008675,10.31171131,0.928012192,66.30000305,0.820111692,-0.080638871,0.808821976,0.673573732,0.201582372,0.30678907
204,Latvia,2021,6.353090763,10.35994816,0.954086423,66.40000153,0.815278113,-0.099032037,0.839525342,0.716414034,0.18593426,0.294602394
205,Lebanon,2017,5.153989792,9.683032036,0.776583016,65.84999847,0.604554176,-0.075882092,0.910727262,0.469468743,0.243549213,0.217718095
206,Lebanon,2018,5.167186737,9.660009384,0.829380631,65.92500305,0.60703069,-0.067326963,0.906650305,0.415106893,0.270688891,0.219074845
207,Lebanon,2019,4.024219513,9.586286545,0.865968525,66.0,0.447001487,-0.081765957,0.890415609,0.307577401,0.494499028,0.154975414
208,Lebanon,2020,2.633752584,9.349094391,0.546599805,66.07499695,0.551600993,-0.121177912,0.883976877,0.352248639,0.481800169,0.124744363
209,Lebanon,2021,2.178809404,9.243083954,0.50677526,66.15000153,0.42269668,-0.142942175,0.9052791,0.263486832,0.569100618,0.106694363
210,Lithuania,2017,6.272940636,10.42708778,0.926316619,66.0,0.749307334,-0.175657451,0.789709866,0.590111554,0.19511883,0.32124728
211,Lithuania,2018,6.308878899,10.47578526,0.929350138,66.34999847,0.698945105,-0.239049926,0.851745069,0.518092513,0.213559717,0.323758096
212,Lithuania,2019,6.064097881,10.52315521,0.917577505,66.69999695,0.780266464,-0.25415498,0.782501221,0.56804961,0.276054353,0.407248467
213,Lithuania,2020,6.39137888,10.52162838,0.952544093,67.05000305,0.824060559,-0.125377774,0.829204798,0.626345754,0.201912001,0.474045336
214,Lithuania,2021,6.864572525,10.57164574,0.928175211,67.40000153,0.707402527,-0.117042378,0.877800763,0.66699332,0.191300765,0.303830445
215,Mali,2017,4.741850376,7.717261314,0.741359413,53.79999924,0.753213346,-0.069111928,0.862655163,0.664621234,0.392784148,0.504820108
216,Mali,2018,4.415729523,7.73355341,0.691859066,54.20000076,0.737204552,-0.03361382,0.793091416,0.688584208,0.369648188,0.510795414
217,Mali,2019,4.98799181,7.75005579,0.754558086,54.59999847,0.67040509,-0.03738777,0.846340001,0.645860672,0.357764512,0.4787485
218,Mali,2020,4.269473553,7.707913876,0.567915261,55.0,0.645313561,-0.066762961,0.894637346,0.647650242,0.439628124,0.436267674
219,Mali,2021,4.11309576,7.717709541,0.573393524,55.40000153,0.672789276,-0.002413505,0.90156728,0.639572978,0.438466877,0.499018282
220,Mauritius,2017,6.174117565,9.971852303,0.910142243,63.95000076,0.912307501,0.084961914,0.818179905,0.682493925,0.168721184,0.614670753
221,Mauritius,2018,5.88174057,10.008214,0.90884155,63.92499924,0.866928101,-0.074919455,0.78524971,0.71039331,0.157993257,0.619251132
222,Mauritius,2019,6.241165161,10.03757095,0.913134277,63.90000153,0.893157899,-0.054250784,0.81020081,0.734807193,0.149362728,0.634860456
223,Mauritius,2020,6.015300274,9.876267433,0.892565966,63.875,0.842598081,-0.031563438,0.771790087,0.699538052,0.138401791,0.543944299
224,Mauritius,2021,5.949120045,9.925987244,0.886509895,63.84999847,0.802364588,-0.007317984,0.783532083,0.665566385,0.135523796,0.527145624
225,Mexico,2017,6.410299301,9.889452934,0.799839377,65.80000305,0.861405134,-0.203024551,0.800893068,0.775285363,0.230990887,0.25695315
226,Mexico,2018,6.549578667,9.89990139,0.858068883,65.80000305,0.816200495,-0.180660099,0.808638096,0.815285325,0.213254362,0.294568479
227,Mexico,2019,6.431945324,9.887219429,0.851685822,65.80000305,0.903384447,-0.142359331,0.808537602,0.802921176,0.251983017,0.495231152
228,Mexico,2020,5.964221001,9.789891243,0.778816223,65.80000305,0.873346984,-0.1215633,0.778165877,0.744693696,0.29155612,0.459497869
229,Mexico,2021,5.99075079,9.837133408,0.778605103,65.80000305,0.837159336,-0.03136697,0.745186806,0.750247896,0.30510965,0.483326107
230,Moldova,2017,5.325530529,9.363174438,0.83076793,63.70000076,0.552825212,-0.054164603,0.926333785,0.562596619,0.259477794,0.132729635
231,Moldova,2018,5.682277203,9.422474861,0.89207989,64.09999847,0.823824346,-0.085678861,0.928719878,0.584049761,0.27007246,0.237631857
232,Moldova,2019,5.803450584,9.474741936,0.809167087,64.5,0.783664584,-0.093693949,0.883822501,0.599834442,0.261620939,0.307176173
233,Moldova,2020,5.811628819,9.419335365,0.874061763,64.90000153,0.859083235,-0.056501709,0.941438973,0.698010981,0.267836064,0.181308538
234,Moldova,2021,5.959048748,9.500629425,0.879554033,65.30000305,0.832602262,-0.090259023,0.875060678,0.630283237,0.270110786,0.363787621
235,Mongolia,2017,5.333850384,9.33840847,0.924250782,60.09999847,0.674627423,0.117114775,0.864952207,0.55165416,0.213599518,0.275058359
236,Mongolia,2018,5.464622974,9.39504528,0.941514134,60.20000076,0.695546806,0.052013572,0.848502219,0.524843872,0.191890299,0.270371318
237,Mongolia,2019,5.562905312,9.432369232,0.945758104,60.29999924,0.71067518,0.146608993,0.873166919,0.562204599,0.166921392,0.214430362
238,Mongolia,2020,6.011364937,9.369382858,0.917789161,60.40000153,0.718491018,0.141996533,0.842827678,0.574730396,0.259983033,0.328301549
239,Mongolia,2021,5.72103405,9.387740135,0.92711699,60.5,0.666846633,0.217352957,0.850720286,0.560003579,0.202482358,0.257001966
240,Myanmar,2017,4.154341698,8.348667145,0.795183837,60.25,0.886011839,0.657953024,0.618821502,0.616757214,0.282285541,0.82417655
241,Myanmar,2018,4.410633087,8.40466404,0.773825943,60.57500076,0.906110823,0.49847734,0.646725893,0.640497804,0.300140351,0.878752649
242,Myanmar,2019,4.43423748,8.463731766,0.762994885,60.90000153,0.899064302,0.566575408,0.681795835,0.638367534,0.285576224,0.850427508
243,Myanmar,2020,4.431364059,8.488256454,0.795763254,61.22499847,0.824870706,0.474541783,0.646702111,0.699925065,0.289218217,0.850617349
244,Myanmar,2021,4.314039707,8.281549454,0.779576421,61.54999924,0.631394386,0.514833272,0.671063483,0.636049151,0.267805815,0.305712879
245,Namibia,2017,4.441306114,9.227336884,0.82833904,55.34999847,0.810401857,-0.191992939,0.831302881,0.697479606,0.277252167,0.745853603
246,Namibia,2018,4.834087849,9.2190485,0.864214778,55.72499847,0.75390476,-0.171035409,0.845942497,0.696077943,0.240249082,0.62446779
247,Namibia,2019,4.435811043,9.191423416,0.844592154,56.09999847,0.739034534,-0.176036522,0.879070699,0.643716514,0.256160736,0.559563875
248,Namibia,2020,4.451010227,9.084163666,0.740570307,56.47499847,0.665681958,-0.1034161,0.810354829,0.652413011,0.247542083,0.587262332
249,Namibia,2021,4.491207123,9.077544212,0.80780077,56.84999847,0.658505261,-0.144600421,0.828966737,0.643536866,0.230259106,0.529419482
250,Nepal,2017,4.736692429,8.178975105,0.816383302,60.75,0.84514761,0.123489529,0.770177126,0.462730408,0.375977933,0.559578538
251,Nepal,2018,4.910086632,8.235815048,0.768335521,61.02500153,0.770093679,0.11138434,0.741752803,0.457212508,0.386792421,0.648398161
252,Nepal,2019,5.448724747,8.282169342,0.772273064,61.29999924,0.790347695,0.156366482,0.711842477,0.443902969,0.357100308,0.631985188
253,Nepal,2020,5.982410431,8.24277401,0.787215233,61.57500076,0.771715939,0.138915062,0.811892331,0.479671746,0.336939007,0.468227863
254,Nepal,2021,4.622300148,8.242314339,0.698646426,61.84999847,0.817544639,0.149796292,0.769947886,0.414381087,0.35387665,0.617541671
255,Netherlands,2017,7.458965302,10.91669846,0.936501324,71.25,0.920319736,0.248094365,0.363133639,0.729161143,0.184519842,0.669553638
256,Netherlands,2018,7.463097095,10.93419456,0.939443171,71.32499695,0.919985175,0.159291357,0.370557785,0.747976542,0.204794183,0.656541049
257,Netherlands,2019,7.42526865,10.94701099,0.941477478,71.40000153,0.88559252,0.210272476,0.360068113,0.728164434,0.230502278,0.616572261
258,Netherlands,2020,7.504447937,10.90274906,0.943956137,71.47499847,0.934522629,0.148469806,0.280604511,0.690658092,0.246511325,0.780745983
259,Netherlands,2021,7.314151287,10.93984699,0.918759406,71.55000305,0.85629344,0.269323587,0.396572888,0.714353323,0.201159164,0.584738791
260,New Zealand,2017,7.32718277,10.65219498,0.95492065,70.05000305,0.942279458,0.290355921,0.221887484,0.762818158,0.171716571,0.609015465
261,New Zealand,2018,7.370285988,10.66583729,0.953862727,70.125,0.94930017,0.116996057,0.206580222,0.785058856,0.16795145,0.64246124
262,New Zealand,2019,7.205174446,10.6661129,0.938821197,70.19999695,0.912042379,0.154316828,0.233831227,0.765042603,0.19117637,0.67520082
263,New Zealand,2020,7.257381916,10.66370201,0.951990783,70.27500153,0.918154597,0.118302144,0.282767951,0.795894742,0.208541051,0.628641069
264,New Zealand,2021,7.13670063,10.68897343,0.949832201,70.34999847,0.910249829,0.219341666,0.252423555,0.747143626,0.206175357,0.634897828
265,Nicaragua,2017,6.476356506,8.700183868,0.83804369,65.34999847,0.922162771,0.009570536,0.672963321,0.793321192,0.308447897,0.590425193
266,Nicaragua,2018,5.81895256,8.653413773,0.854276538,65.42500305,0.797056854,0.008089165,0.712824762,0.742867589,0.408349842,0.343466878
267,Nicaragua,2019,6.112545013,8.603676796,0.873863935,65.5,0.882678449,0.028150577,0.62198174,0.790255427,0.337012976,0.514429927
268,Nicaragua,2020,6.28689003,8.571700096,0.855702758,65.57499695,0.817625225,0.040930137,0.631003439,0.775327206,0.315903068,0.50515604
269,Nicaragua,2021,6.095348835,8.61372757,0.848263025,65.65000153,0.904980481,0.026981786,0.674668729,0.798928738,0.292643428,0.589501441
270,Nigeria,2017,5.321928024,8.5545578,0.733468533,53.75,0.825905561,0.123873875,0.834891975,0.682211101,0.235968769,0.558790743
271,Nigeria,2018,5.252288342,8.547737122,0.740854204,54.07500076,0.789881051,-0.010612354,0.865602672,0.761656404,0.256469876,0.45174095
272,Nigeria,2019,4.266484261,8.543931961,0.734995186,54.40000153,0.746269286,0.022977227,0.873035729,0.698242903,0.229003847,0.399433285
273,Nigeria,2020,5.502948284,8.500396729,0.739289463,54.72499847,0.713061512,0.097834267,0.912774444,0.737175941,0.315886825,0.309500486
274,Nigeria,2021,4.47926569,8.49864006,0.741560102,55.04999924,0.725732863,0.052173574,0.911945105,0.666297317,0.188105255,0.252334535
275,North Macedonia,2017,5.233866692,9.661827087,0.79995513,65.69999695,0.752106607,-0.061115041,0.855697274,0.446869999,0.299390584,0.442916453
276,North Macedonia,2018,5.239834785,9.689399719,0.84891516,65.90000153,0.744800925,-0.043783113,0.909934342,0.511837602,0.298352867,0.396141589
277,North Macedonia,2019,5.015485287,9.727529526,0.814638495,66.09999847,0.724710405,0.021708572,0.922597229,0.515054047,0.303605884,0.265988678
278,North Macedonia,2020,5.053664207,9.676046371,0.750374198,66.30000305,0.787284732,0.130754411,0.877421141,0.541942358,0.365126073,0.324631155
279,North Macedonia,2021,5.534749985,9.71719265,0.808856964,66.5,0.79296577,0.192517072,0.884325325,0.563352823,0.303365707,0.359121591
280,Norway,2017,7.578744888,11.06743145,0.950127661,71.30000305,0.953016818,0.232319728,0.249711379,0.800106227,0.202913806,0.717159748
281,Norway,2018,7.444262028,11.07195663,0.965961933,71.34999847,0.960429013,0.090104721,0.268201441,0.78560704,0.21186237,0.679502964
282,Norway,2019,7.442139626,11.07368851,0.941784024,71.40000153,0.954044461,0.10694553,0.270571798,0.781727433,0.195486501,0.597986996
283,Norway,2020,7.290032387,11.06011295,0.955979943,71.44999695,0.964561105,0.071051814,0.271083295,0.777274728,0.216033921,0.829234183
284,Norway,2021,7.361573696,11.09462643,0.947877407,71.5,0.936379194,0.169224352,0.263276964,0.769433558,0.20719704,0.773523211
285,Peru,2017,5.710936546,9.434005737,0.830123365,69.15000153,0.826552153,-0.155653507,0.895384133,0.767763197,0.393873721,0.254595339
286,Peru,2018,5.679661274,9.455747604,0.84530139,69.32499695,0.829641998,-0.179791257,0.906244636,0.783017695,0.380032867,0.202403098
287,Peru,2019,5.999381542,9.461386681,0.809075952,69.5,0.814805925,-0.131083593,0.873601913,0.793809652,0.374985486,0.230489925
288,Peru,2020,4.994379044,9.329087257,0.748887837,69.67500305,0.805973649,-0.090145819,0.911601484,0.736464798,0.481483608,0.170750022
289,Peru,2021,5.694317818,9.44045639,0.818539441,69.84999847,0.811777532,-0.085864142,0.879913747,0.783769429,0.368650228,0.30032289
290,Philippines,2017,5.594270229,9.002192497,0.851028562,61.95000076,0.925703108,-0.142278239,0.711165547,0.753483713,0.340621501,0.83773005
291,Philippines,2018,5.869172573,9.049717903,0.845803261,61.97499847,0.917808175,-0.108887583,0.726483345,0.75618434,0.393481076,0.802007139
292,Philippines,2019,6.267745018,9.095459938,0.84509474,62.0,0.909598589,-0.083605275,0.748442113,0.764526367,0.340569496,0.79500258
293,Philippines,2020,5.079585075,8.981377602,0.781140387,62.02500153,0.932041705,-0.110693514,0.744283676,0.792735636,0.326889008,0.802727103
294,Philippines,2021,5.96505785,9.020073891,0.778192103,62.04999924,0.905275464,-0.00859355,0.72116226,0.789731145,0.322941482,0.763208687
295,Poland,2017,6.201268196,10.31110001,0.881854117,68.34999847,0.830842614,-0.12366733,0.639479935,0.565854669,0.203387797,0.502480447
296,Poland,2018,6.111485004,10.3632555,0.863444209,68.52500153,0.870215118,-0.256396353,0.720451355,0.622175872,0.176010624,0.427517712
297,Poland,2019,6.24209404,10.40985775,0.878268242,68.69999695,0.882885754,-0.23313646,0.696057379,0.612847447,0.168089688,0.497986019
298,Poland,2020,6.139455318,10.38451004,0.95317173,68.875,0.767428696,-0.009690654,0.786873639,0.677396119,0.328937918,0.273116618
299,Poland,2021,5.978068829,10.43639851,0.935534835,69.05000305,0.731805563,0.127401829,0.743913174,0.699575484,0.277231276,0.259251654
300,Portugal,2017,5.711499214,10.40561676,0.899984837,70.75,0.905065656,-0.177985847,0.880970538,0.607893229,0.294272572,0.501088142
301,Portugal,2018,5.919822693,10.43531322,0.887113273,70.875,0.877404213,-0.263653696,0.87972784,0.645731986,0.317994744,0.520630658
302,Portugal,2019,6.095473289,10.46154976,0.876082599,71.0,0.8823511,-0.236410558,0.915165603,0.675313532,0.299874753,0.43560499
303,Portugal,2020,5.767792225,10.37147236,0.874990344,71.125,0.91313076,-0.240306079,0.867157161,0.613749206,0.382812679,0.614669442
304,Portugal,2021,6.183014393,10.41631794,0.894941688,71.25,0.892121136,-0.20704861,0.872229338,0.628748119,0.284006834,0.576186419
305,Romania,2017,6.089904785,10.20883465,0.811240137,66.55000305,0.838586688,-0.161676064,0.925658047,0.632110655,0.230836198,0.298341334
306,Romania,2018,6.150878906,10.25848293,0.81793046,66.67500305,0.84515959,-0.219323963,0.921170175,0.648865998,0.298453927,0.226351306
307,Romania,2019,6.129942417,10.30478001,0.841905951,66.80000305,0.84754318,-0.223447934,0.954130709,0.604940474,0.243659228,0.160088375
308,Romania,2020,6.785142422,10.26910686,0.869008839,66.92500305,0.863305271,-0.156541392,0.91769141,0.667786896,0.25570637,0.23219794
309,Romania,2021,6.548725605,10.33434677,0.834509134,67.05000305,0.870957971,-0.182472154,0.928280115,0.673982322,0.264397413,0.192293614
310,Russia,2017,5.578742981,10.16301918,0.896151304,63.45000076,0.73087424,-0.146716699,0.861590207,0.650563896,0.194560528,0.556597233
311,Russia,2018,5.513500214,10.19078541,0.908726096,63.82500076,0.7292822,-0.149111703,0.865311563,0.615011394,0.198796302,0.45583874
312,Russia,2019,5.440523624,10.21135998,0.910098851,64.19999695,0.714766085,-0.118029267,0.847705066,0.632024169,0.200421557,0.436963826
313,Russia,2020,5.495288849,10.18325329,0.887020171,64.57499695,0.714466453,-0.074105181,0.823047519,0.620991707,0.189521536,0.477703661
314,Russia,2021,5.448261261,10.22768974,0.861716568,64.94999695,0.670810163,0.058407594,0.807839274,0.590086401,0.1900727,0.45699209
315,Senegal,2017,4.683024883,8.072126389,0.743759334,58.79999924,0.686937034,-0.04353426,0.825241864,0.75147438,0.290836066,0.61072278
316,Senegal,2018,4.769377232,8.104548454,0.739354789,59.09999847,0.629223466,-0.073555678,0.80477947,0.724179924,0.247074723,0.588927925
317,Senegal,2019,5.488736629,8.120131493,0.687614083,59.40000153,0.758841753,-0.018155394,0.79567343,0.768190622,0.331925839,0.638033628
318,Senegal,2020,4.756773472,8.107923508,0.620670676,59.70000076,0.797190309,-0.045522649,0.855092525,0.815910876,0.268333048,0.573285639
319,Senegal,2021,4.902830601,8.127270699,0.645179272,60.0,0.758525133,0.034219597,0.82134825,0.812411606,0.264975786,0.454221755
320,Serbia,2017,5.122031212,9.717821121,0.883770406,66.65000153,0.684846342,-0.07936617,0.851457834,0.484643012,0.326407075,0.511197984
321,Serbia,2018,5.936493397,9.767254829,0.852945328,66.77500153,0.739891827,-0.10154549,0.863723576,0.527079105,0.296295851,0.476144999
322,Serbia,2019,6.241407394,9.815026283,0.903294265,66.90000153,0.752504587,-0.042076003,0.813141823,0.474295795,0.24213022,0.473505408
323,Serbia,2020,6.041546345,9.810878754,0.852101862,67.02500153,0.843479872,0.146143466,0.824472487,0.579138815,0.357580274,0.524143338
324,Serbia,2021,6.245267391,9.874162674,0.890106082,67.15000153,0.850367904,0.26693216,0.806221604,0.567632556,0.311130971,0.605454803
325,Slovakia,2017,6.365509033,10.31100178,0.913386643,68.05000305,0.714224696,-0.054639958,0.920422673,0.709385633,0.21272248,0.34168008
326,Slovakia,2018,6.23511076,10.34685898,0.922378719,68.27500153,0.757634044,-0.167493463,0.909944654,0.669736266,0.253190041,0.327658623
327,Slovakia,2019,6.243428707,10.37122631,0.933088303,68.5,0.771121562,-0.129276663,0.925846696,0.676153421,0.251806319,0.230972826
328,Slovakia,2020,6.519098282,10.32580185,0.954159975,68.72499847,0.76189661,-0.076592401,0.900533676,0.694529951,0.274447888,0.307444513
329,Slovakia,2021,6.418503761,10.35686398,0.951163888,68.94999695,0.74153322,0.048633955,0.895546556,0.69156754,0.241131321,0.215807587
330,Slovenia,2017,6.166837692,10.50527477,0.928187847,70.34999847,0.920862675,-0.027021039,0.828794718,0.582310796,0.285601437,0.239779726
331,Slovenia,2018,6.249419212,10.54492378,0.940971196,70.52500153,0.942045867,-0.12117143,0.839252532,0.601195991,0.27548486,0.239274636
332,Slovenia,2019,6.665273666,10.56994915,0.949402273,70.69999695,0.945430517,-0.104521476,0.785441816,0.621658623,0.227838457,0.397150725
333,Slovenia,2020,6.462076187,10.52112961,0.953437507,70.875,0.958442569,-0.086754218,0.796557486,0.574927151,0.313852519,0.45297423
334,Slovenia,2021,6.761220932,10.57335091,0.955252588,71.05000305,0.851086736,0.030901229,0.754198194,0.642823279,0.261042506,0.339235812
335,South Africa,2017,4.513655186,9.536782265,0.870313287,55.15000153,0.787427902,-0.136225283,0.864781916,0.708703458,0.268175244,0.423274219
336,South Africa,2018,4.8839221,9.537911415,0.841343999,55.67499924,0.752731323,-0.058371451,0.841192603,0.73595494,0.282708496,0.5246858
337,South Africa,2019,5.034863472,9.525877953,0.847719729,56.20000076,0.73833853,-0.14204447,0.819823623,0.727414131,0.268456221,0.495906323
338,South Africa,2020,4.946800709,9.446662903,0.891050339,56.72499847,0.756946266,-0.024403915,0.912407219,0.76058358,0.294276476,0.517606676
339,South Africa,2021,5.598653793,9.48507309,0.922238767,57.25,0.703564703,-0.142795756,0.891578615,0.78432101,0.172806978,0.508961499
340,South Korea,2017,5.873887062,10.6202879,0.806929946,72.55000305,0.538113713,0.012043351,0.850690424,0.545988142,0.234825626,0.358582199
341,South Korea,2018,5.840231419,10.6441946,0.79772383,72.82499695,0.600161672,-0.091402687,0.796825886,0.578780234,0.217145726,0.389084011
342,South Korea,2019,5.902816772,10.66440201,0.783160865,73.09999847,0.706032395,-0.057978813,0.71769613,0.593178034,0.235966519,0.376757592
343,South Korea,2020,5.792695522,10.65446377,0.807952285,73.375,0.711480439,-0.108758755,0.664694011,0.549814105,0.247059658,0.448309243
344,South Korea,2021,6.112745285,10.69212723,0.810740769,73.65000153,0.717086375,-0.029297361,0.685114563,0.566271067,0.22117126,0.433829188
345,Spain,2017,6.230173111,10.58478832,0.903158188,71.84999847,0.755560756,-0.03434835,0.791268766,0.601178527,0.302387655,0.269585967
346,Spain,2018,6.513370991,10.60303783,0.910314679,71.97499847,0.7222507,-0.077235363,0.776504457,0.63557899,0.357190847,0.285195619
347,Spain,2019,6.457449436,10.6165266,0.949013472,72.09999847,0.777966738,-0.050898876,0.73033762,0.636199594,0.31551832,0.367785871
348,Spain,2020,6.502175331,10.497365,0.934934676,72.22499847,0.783256531,-0.123564944,0.729977489,0.671131015,0.316617101,0.381767094
349,Spain,2021,6.469611168,10.53658772,0.926416755,72.34999847,0.781794965,-0.071897864,0.729346991,0.639074683,0.323980331,0.371703804
350,Sri Lanka,2017,4.330945492,9.440189362,0.822770596,66.80000305,0.827077389,0.092482321,0.844210029,0.728681266,0.269727528,0.517589927
351,Sri Lanka,2018,4.435023785,9.461901665,0.832882166,66.90000153,0.858873606,0.104748286,0.855907619,0.773361444,0.301813632,0.582941115
352,Sri Lanka,2019,4.213299274,9.478084564,0.814939141,67.0,0.824277341,0.0498989,0.863342285,0.753170788,0.314542711,0.569042027
353,Sri Lanka,2020,4.778489113,9.436434746,0.842499971,67.09999847,0.803484857,-0.043379724,0.768454254,0.758137345,0.285134345,0.752756536
354,Sri Lanka,2021,4.10344696,9.463738441,0.812373936,67.19999695,0.771430016,-0.006883008,0.848541498,0.733172596,0.311583638,0.504923344
355,Sweden,2017,7.286804676,10.85799789,0.914016783,71.65000153,0.934582114,0.168727219,0.239366919,0.756171644,0.175066829,0.559461951
356,Sweden,2018,7.374792099,10.86569405,0.93067956,71.77500153,0.941724658,0.07513386,0.262796581,0.746743917,0.160755426,0.49439624
357,Sweden,2019,7.398092747,10.87522411,0.93364507,71.90000153,0.941515207,0.088857219,0.250087917,0.774585247,0.201999709,0.513281763
358,Sweden,2020,7.314341068,10.83807182,0.93558234,72.02500153,0.951181591,0.088199414,0.203440145,0.717195928,0.22193329,0.671078622
359,Sweden,2021,7.439280033,10.8734293,0.931819558,72.15000153,0.953379214,0.176988468,0.191473097,0.762894452,0.190008253,0.6335361
360,Switzerland,2017,7.473593235,11.14336205,0.949661374,72.09999847,0.924996912,0.174821004,0.316183478,0.733584106,0.195871487,0.819706738
361,Switzerland,2018,7.508586884,11.16474724,0.930290997,72.30000305,0.926414549,0.095868193,0.301259965,0.755630374,0.191520154,0.84997946
362,Switzerland,2019,7.69422102,11.16965103,0.948512852,72.5,0.913166702,0.030927902,0.293700755,0.742527902,0.170761779,0.80661273
363,Switzerland,2020,7.508435249,11.13827229,0.946316481,72.69999695,0.917343259,-0.070486151,0.280367136,0.730246305,0.19322899,0.846330702
364,Switzerland,2021,7.327672482,11.16012573,0.934393048,72.90000153,0.907875359,0.026588805,0.286672562,0.74678129,0.182606846,0.837848067
365,Tanzania,2017,3.347121239,7.836213112,0.705010295,57.59999847,0.800495505,0.115722209,0.653606057,0.662317872,0.255335689,0.913339019
366,Tanzania,2018,3.445023298,7.859490871,0.6753304,58.04999924,0.807142138,0.153373837,0.611534059,0.701750636,0.221005499,0.914648473
367,Tanzania,2019,3.640154839,7.886239529,0.687267542,58.5,0.850132525,0.100552306,0.589293599,0.679453611,0.243097946,0.91315937
368,Tanzania,2020,3.785684109,7.876765728,0.739817083,58.95000076,0.830343485,0.295764565,0.520631671,0.667273879,0.271117926,0.905542135
369,Tanzania,2021,3.68056798,7.889876366,0.618984401,59.40000153,0.821772814,0.113013744,0.546387076,0.648245037,0.246362492,0.89139092
370,Thailand,2017,5.938895226,9.765543938,0.877268732,68.15000153,0.922896802,0.210880578,0.883816779,0.775898397,0.231597617,0.605078816
371,Thailand,2018,6.011561871,9.803431511,0.873052418,68.22499847,0.90482825,0.257171512,0.906596005,0.782850683,0.198190212,0.605364442
372,Thailand,2019,6.02215147,9.823007584,0.903051019,68.30000305,0.898244619,0.307212681,0.87703979,0.791796386,0.208183601,0.467234045
373,Thailand,2020,5.884544373,9.757576942,0.866702616,68.375,0.840463281,0.272294849,0.918340027,0.770296693,0.326168567,0.333083987
374,Thailand,2021,5.638096809,9.765044212,0.882821918,68.44999695,0.835590303,0.293198258,0.943129361,0.71892941,0.297737539,0.239433169
375,Tunisia,2017,4.124342918,9.32674408,0.717381597,66.80000305,0.477956653,-0.223903403,0.868826747,0.366641402,0.377196848,0.250827312
376,Tunisia,2018,4.741132259,9.340084076,0.732953548,66.84999847,0.649680078,-0.19626759,0.84011662,0.535870433,0.365014285,0.349490464
377,Tunisia,2019,4.315479755,9.342869759,0.609589279,66.90000153,0.659331739,-0.214329869,0.88890475,0.458863199,0.433413476,0.286565632
378,Tunisia,2020,4.730811119,9.236014366,0.719013214,66.94999695,0.667758107,-0.203303069,0.877354085,0.519344747,0.438774347,0.29391408
379,Tunisia,2021,4.49948597,9.254252434,0.711321533,67.0,0.591229916,-0.201641768,0.932745636,0.451362312,0.335503727,0.317189902
380,Turkey,2017,5.607262135,10.23687744,0.876467824,68.05000305,0.644434214,-0.239201561,0.670910537,0.39316678,0.312846124,0.586161256
381,Turkey,2018,5.185689449,10.25126839,0.847027302,68.22499847,0.528629065,-0.177682102,0.804878533,0.37929222,0.350773096,0.513677061
382,Turkey,2019,4.87207365,10.24697971,0.791656196,68.40000153,0.631083786,-0.137710899,0.760442197,0.34748134,0.368088663,0.561260879
383,Turkey,2020,4.861554146,10.25391388,0.856730223,68.57499695,0.510385871,-0.115433984,0.774417162,0.331563056,0.440387309,0.553262174
384,Turkey,2021,4.366639614,10.3303709,0.736194909,68.75,0.44652763,-0.033108227,0.810165942,0.297092021,0.470578879,0.426014364
385,Uganda,2017,4.000516891,7.637548923,0.739956141,57.25,0.772344112,0.060091436,0.81577003,0.688604355,0.400025725,0.655109107
386,Uganda,2018,4.321714878,7.661429405,0.739841044,57.72499847,0.728512764,0.079168208,0.856106222,0.686664224,0.390319228,0.50385344
387,Uganda,2019,4.948051453,7.688409328,0.805487394,58.20000076,0.704376638,0.139115021,0.825612605,0.689078808,0.385220796,0.558205307
388,Uganda,2020,4.640909672,7.684798241,0.800461173,58.67499924,0.687482119,0.147443846,0.877587259,0.705435634,0.424706668,0.48086071
389,Uganda,2021,4.224533558,7.685560226,0.793349564,59.15000153,0.710621119,0.088556364,0.835011721,0.699308991,0.358832955,0.558759928
390,Ukraine,2017,4.311067104,9.381864548,0.858324885,64.05000305,0.598875523,-0.003518478,0.936764002,0.528048277,0.234763831,0.11093653
391,Ukraine,2018,4.661909103,9.42043972,0.900936723,64.17500305,0.663055062,-0.075647846,0.942960739,0.550485551,0.221851483,0.079710059
392,Ukraine,2019,4.701762199,9.45788765,0.88272649,64.30000305,0.715311766,-0.082320653,0.885004938,0.548534453,0.201131731,0.374282002
393,Ukraine,2020,5.269675732,9.423596382,0.884686291,64.42500305,0.784273446,0.1253694,0.945668995,0.628791153,0.284736186,0.230166271
394,Ukraine,2021,5.311355114,9.462496758,0.879308522,64.55000305,0.769904315,0.170837387,0.922350943,0.574909985,0.25038904,0.213765517
395,United Kingdom,2017,7.103273392,10.74445915,0.937495291,69.90000153,0.812733293,0.28810212,0.418611348,0.712404668,0.20957242,0.440120846
396,United Kingdom,2018,7.233445168,10.75477505,0.928483903,70.0,0.83750838,0.222921923,0.404276013,0.736233234,0.228275612,0.420859873
397,United Kingdom,2019,7.157151222,10.76571465,0.942681074,70.09999847,0.85403955,0.267002612,0.485092282,0.738786042,0.251014441,0.340828866
398,United Kingdom,2020,6.798177242,10.65809631,0.929353237,70.19999695,0.884624004,0.197765857,0.490203947,0.717481315,0.224655122,0.346972853
399,United Kingdom,2021,6.866961956,10.71970272,0.854029596,70.30000305,0.815077186,0.254903495,0.447526574,0.683882475,0.265625894,0.394753993
400,United States,2017,6.9917593,11.00392532,0.921002865,66.34999847,0.868496716,0.194373697,0.681191266,0.754558206,0.268269062,0.386535019
401,United States,2018,6.882684708,11.02818584,0.903856039,66.22499847,0.824606657,0.113105349,0.709928274,0.757445514,0.292226255,0.3138161
402,United States,2019,6.943701267,11.04501343,0.916691124,66.09999847,0.836139023,0.141378984,0.706715524,0.755090654,0.243833661,0.362774432
403,United States,2020,7.028088093,11.00440502,0.937369823,65.97499847,0.850447297,0.031072685,0.678124607,0.721989095,0.295499027,0.464917094
404,United States,2021,6.959087849,11.05517292,0.920008719,65.84999847,0.815734804,0.192203477,0.686591566,0.739682019,0.277191907,0.404625207
405,Uruguay,2017,6.336009979,10.04367828,0.91380167,67.5,0.897851646,-0.09868212,0.626581967,0.742276073,0.280323356,0.413032115
406,Uruguay,2018,6.371714592,10.04477406,0.917315602,67.5,0.876210928,-0.10364034,0.682916045,0.774895191,0.274945587,0.361706048
407,Uruguay,2019,6.600337029,10.04467201,0.933470964,67.5,0.902678788,-0.101878576,0.599399626,0.763834417,0.221730188,0.551632583
408,Uruguay,2020,6.309681416,9.980838776,0.921070337,67.5,0.907761931,-0.088905007,0.491007835,0.720520616,0.264692068,0.665177822
409,Uruguay,2021,6.501700401,10.01091671,0.913873136,67.5,0.8987239,-0.047106676,0.60564214,0.746208131,0.26320982,0.485830873
410,Uzbekistan,2017,6.421447754,8.830646515,0.942131102,64.09999847,0.985177755,0.118360005,0.464641601,0.745110095,0.202737495,0.964690447
411,Uzbekistan,2018,6.205460072,8.865442276,0.920821011,64.40000153,0.969897985,0.313450247,0.520360112,0.746031344,0.208660305,0.969356358
412,Uzbekistan,2019,6.154049397,8.90220356,0.915275931,64.69999695,0.970294535,0.300029099,0.511196852,0.751279771,0.219745517,0.960944533
413,Uzbekistan,2020,5.841929913,8.89998436,0.849564791,65.0,0.928216279,0.19511342,0.642043591,0.67792666,0.278508723,0.89849627
414,Uzbekistan,2021,6.18530798,8.941695213,0.895503759,65.30000305,0.927415252,0.188774511,0.661561668,0.698459327,0.232672125,0.912673354
415,Zambia,2017,3.932777405,8.156229973,0.74375391,53.54999924,0.823168576,0.140231386,0.739540637,0.660320103,0.387188882,0.717004061
416,Zambia,2018,4.041488171,8.16665554,0.717720389,53.97499847,0.79062593,0.048020069,0.810731292,0.662484407,0.350962847,0.606715262
417,Zambia,2019,3.306796551,8.152035713,0.637894392,54.40000153,0.811039805,0.077560678,0.831956029,0.673511207,0.394385278,0.589811146
418,Zambia,2020,4.837992191,8.094932556,0.766871631,54.82500076,0.750422418,0.057540625,0.809749782,0.679042757,0.344525933,0.589309394
419,Zambia,2021,3.082154989,8.087629318,0.619071007,55.25,0.832573771,0.142836854,0.824030817,0.655689895,0.348551363,0.697677791
420,Zimbabwe,2017,3.63830018,8.24160862,0.754147053,52.15000153,0.752826095,-0.113937005,0.751208007,0.733641446,0.224051341,0.682646692
421,Zimbabwe,2018,3.616479874,8.274620056,0.775388479,52.625,0.762674868,-0.084747218,0.844208658,0.657523572,0.211725846,0.550507784
422,Zimbabwe,2019,2.693523169,8.196997643,0.759162307,53.09999847,0.631907582,-0.08153984,0.830651879,0.658433676,0.235354334,0.456455022
423,Zimbabwe,2020,3.159802198,8.117733002,0.717242658,53.57500076,0.643302977,-0.029376142,0.78852278,0.660658062,0.345736384,0.57730186
424,Zimbabwe,2021,3.154578209,8.153247833,0.685150504,54.04999924,0.667636156,-0.109439008,0.756945193,0.609917223,0.241681874,0.665703177
